{
  "schema_version": "psionic.compiled_agent.route_model.v1",
  "artifact_id": "compiled_agent.route.multinomial_nb_v1",
  "row_id": "compiled_agent.qwen35_9b_q4km.archlinux.consumer_gpu.v1",
  "model_family": "multinomial_naive_bayes",
  "feature_profile": "unigram_plus_bigram",
  "replay_bundle_digest": "db026842e0f48fd8a37b018981c9f67b5ba43f9c68f288918199dc181ee1d5ed",
  "training_sample_count": 4,
  "vocabulary_size": 44,
  "smoothing_alpha": 1.0,
  "class_priors_log": {
    "provider_status": -1.3862943611198906,
    "wallet_status": -1.3862943611198906,
    "unsupported": -0.6931471805599453
  },
  "class_feature_log_probs": {
    "provider_status": {
      "bigram:a__poem": -4.007333185232471,
      "bigram:about__gpus": -4.007333185232471,
      "bigram:are__in": -4.007333185232471,
      "bigram:balance__write": -4.007333185232471,
      "bigram:can__i": -3.3141860046725258,
      "bigram:do__not": -4.007333185232471,
      "bigram:go__online": -3.3141860046725258,
      "bigram:how__many": -4.007333185232471,
      "bigram:i__go": -3.3141860046725258,
      "bigram:in__the": -4.007333185232471,
      "bigram:many__sats": -4.007333185232471,
      "bigram:me__the": -4.007333185232471,
      "bigram:not__tell": -4.007333185232471,
      "bigram:online__right": -3.3141860046725258,
      "bigram:poem__about": -4.007333185232471,
      "bigram:right__now": -3.3141860046725258,
      "bigram:sats__are": -4.007333185232471,
      "bigram:tell__me": -4.007333185232471,
      "bigram:the__wallet": -4.007333185232471,
      "bigram:wallet__balance": -4.007333185232471,
      "bigram:write__a": -4.007333185232471,
      "token:a": -4.007333185232471,
      "token:about": -4.007333185232471,
      "token:are": -4.007333185232471,
      "token:balance": -4.007333185232471,
      "token:can": -3.3141860046725258,
      "token:do": -4.007333185232471,
      "token:go": -3.3141860046725258,
      "token:gpus": -4.007333185232471,
      "token:how": -4.007333185232471,
      "token:i": -3.3141860046725258,
      "token:in": -4.007333185232471,
      "token:many": -4.007333185232471,
      "token:me": -4.007333185232471,
      "token:not": -4.007333185232471,
      "token:now": -3.3141860046725258,
      "token:online": -3.3141860046725258,
      "token:poem": -4.007333185232471,
      "token:right": -3.3141860046725258,
      "token:sats": -4.007333185232471,
      "token:tell": -4.007333185232471,
      "token:the": -4.007333185232471,
      "token:wallet": -4.007333185232471,
      "token:write": -4.007333185232471
    },
    "wallet_status": {
      "bigram:a__poem": -4.04305126783455,
      "bigram:about__gpus": -4.04305126783455,
      "bigram:are__in": -3.349904087274605,
      "bigram:balance__write": -4.04305126783455,
      "bigram:can__i": -4.04305126783455,
      "bigram:do__not": -4.04305126783455,
      "bigram:go__online": -4.04305126783455,
      "bigram:how__many": -3.349904087274605,
      "bigram:i__go": -4.04305126783455,
      "bigram:in__the": -3.349904087274605,
      "bigram:many__sats": -3.349904087274605,
      "bigram:me__the": -4.04305126783455,
      "bigram:not__tell": -4.04305126783455,
      "bigram:online__right": -4.04305126783455,
      "bigram:poem__about": -4.04305126783455,
      "bigram:right__now": -4.04305126783455,
      "bigram:sats__are": -3.349904087274605,
      "bigram:tell__me": -4.04305126783455,
      "bigram:the__wallet": -3.349904087274605,
      "bigram:wallet__balance": -4.04305126783455,
      "bigram:write__a": -4.04305126783455,
      "token:a": -4.04305126783455,
      "token:about": -4.04305126783455,
      "token:are": -3.349904087274605,
      "token:balance": -4.04305126783455,
      "token:can": -4.04305126783455,
      "token:do": -4.04305126783455,
      "token:go": -4.04305126783455,
      "token:gpus": -4.04305126783455,
      "token:how": -3.349904087274605,
      "token:i": -4.04305126783455,
      "token:in": -3.349904087274605,
      "token:many": -3.349904087274605,
      "token:me": -4.04305126783455,
      "token:not": -4.04305126783455,
      "token:now": -4.04305126783455,
      "token:online": -4.04305126783455,
      "token:poem": -4.04305126783455,
      "token:right": -4.04305126783455,
      "token:sats": -3.349904087274605,
      "token:tell": -4.04305126783455,
      "token:the": -3.349904087274605,
      "token:wallet": -3.349904087274605,
      "token:write": -4.04305126783455
    },
    "unsupported": {
      "bigram:a__poem": -3.2321210516182215,
      "bigram:about__gpus": -3.2321210516182215,
      "bigram:are__in": -4.330733340286331,
      "bigram:balance__write": -3.6375861597263857,
      "bigram:can__i": -4.330733340286331,
      "bigram:do__not": -3.6375861597263857,
      "bigram:go__online": -4.330733340286331,
      "bigram:how__many": -4.330733340286331,
      "bigram:i__go": -4.330733340286331,
      "bigram:in__the": -4.330733340286331,
      "bigram:many__sats": -4.330733340286331,
      "bigram:me__the": -3.6375861597263857,
      "bigram:not__tell": -3.6375861597263857,
      "bigram:online__right": -4.330733340286331,
      "bigram:poem__about": -3.2321210516182215,
      "bigram:right__now": -4.330733340286331,
      "bigram:sats__are": -4.330733340286331,
      "bigram:tell__me": -3.6375861597263857,
      "bigram:the__wallet": -3.6375861597263857,
      "bigram:wallet__balance": -3.6375861597263857,
      "bigram:write__a": -3.2321210516182215,
      "token:a": -3.2321210516182215,
      "token:about": -3.2321210516182215,
      "token:are": -4.330733340286331,
      "token:balance": -3.6375861597263857,
      "token:can": -4.330733340286331,
      "token:do": -3.6375861597263857,
      "token:go": -4.330733340286331,
      "token:gpus": -3.2321210516182215,
      "token:how": -4.330733340286331,
      "token:i": -4.330733340286331,
      "token:in": -4.330733340286331,
      "token:many": -4.330733340286331,
      "token:me": -3.6375861597263857,
      "token:not": -3.6375861597263857,
      "token:now": -4.330733340286331,
      "token:online": -4.330733340286331,
      "token:poem": -3.2321210516182215,
      "token:right": -4.330733340286331,
      "token:sats": -4.330733340286331,
      "token:tell": -3.6375861597263857,
      "token:the": -3.6375861597263857,
      "token:wallet": -3.6375861597263857,
      "token:write": -3.2321210516182215
    }
  },
  "class_default_feature_log_probs": {
    "provider_status": -4.007333185232471,
    "wallet_status": -4.04305126783455,
    "unsupported": -4.330733340286331
  },
  "source_sample_ids": [
    "sample.route.receipt.compiled_agent.learning.openagents_provider_ready_receipt_v1",
    "sample.route.receipt.compiled_agent.learning.openagents_wallet_receipt_v1",
    "sample.route.receipt.compiled_agent.learning.openagents_unsupported_receipt_v1",
    "sample.route.receipt.compiled_agent.learning.openagents_negated_wallet_receipt_v1"
  ],
  "training_accuracy": 1.0,
  "detail": "Trained route model over replay-backed route samples using bag-of-token and bigram features. This is the first compiled-agent candidate backed by a learned artifact instead of a hand-authored keyword delta.",
  "artifact_digest": "5e6b51ca8914cf5a9a6d1467e8dbd3d3c5124b7aaf086f2dff638b209fb572b1"
}
