{
  "schema_version": "psionic.compiled_agent.route_model.v1",
  "artifact_id": "compiled_agent.route.tfidf_centroid_v1",
  "row_id": "compiled_agent.qwen35_9b_q4km.archlinux.consumer_gpu.v1",
  "model_family": "tfidf_centroid",
  "feature_profile": "normalized_tfidf_unigram_plus_bigram",
  "replay_bundle_digest": "da0e79fdfdea3b751fd90e84178b219693d5e3a348c675ebad8d4eeda25c600a",
  "training_sample_count": 19,
  "heldout_sample_count": 13,
  "vocabulary_size": 137,
  "smoothing_alpha": 0.0,
  "class_priors_log": {
    "provider_status": -1.3350010667323402,
    "wallet_status": -1.1526795099383855,
    "unsupported": -0.8649974374866046
  },
  "class_feature_log_probs": {},
  "class_default_feature_log_probs": {},
  "feature_idf_weights": {
    "bigram:a__calendar": 3.302585092994046,
    "bigram:a__poem": 2.8971199848858813,
    "bigram:about__gpus": 2.8971199848858813,
    "bigram:and__provider": 3.302585092994046,
    "bigram:and__what": 3.302585092994046,
    "bigram:are__in": 2.8971199848858813,
    "bigram:are__my": 3.302585092994046,
    "bigram:are__the": 3.302585092994046,
    "bigram:balance__first": 3.302585092994046,
    "bigram:balance__is": 3.302585092994046,
    "bigram:balance__write": 3.302585092994046,
    "bigram:best__provider": 3.302585092994046,
    "bigram:calendar__reminder": 3.302585092994046,
    "bigram:can__go": 3.302585092994046,
    "bigram:can__i": 3.302585092994046,
    "bigram:can__t": 3.302585092994046,
    "bigram:check__the": 3.302585092994046,
    "bigram:compare__the": 3.302585092994046,
    "bigram:create__a": 3.302585092994046,
    "bigram:did__i": 3.302585092994046,
    "bigram:do__not": 2.8971199848858813,
    "bigram:earnings__in": 3.302585092994046,
    "bigram:for__me": 2.8971199848858813,
    "bigram:for__tomorrow": 3.302585092994046,
    "bigram:go__online": 2.203972804325936,
    "bigram:guess__i": 3.302585092994046,
    "bigram:how__many": 2.6094379124341005,
    "bigram:i__can": 3.302585092994046,
    "bigram:i__go": 2.6094379124341005,
    "bigram:i__guess": 3.302585092994046,
    "bigram:i__make": 3.302585092994046,
    "bigram:in__sats": 3.302585092994046,
    "bigram:in__the": 2.8971199848858813,
    "bigram:is__the": 2.386294361119891,
    "bigram:make__lately": 3.302585092994046,
    "bigram:many__sats": 2.6094379124341005,
    "bigram:me__provider": 3.302585092994046,
    "bigram:me__the": 2.6094379124341005,
    "bigram:me__to": 3.302585092994046,
    "bigram:mining__rig": 3.302585092994046,
    "bigram:my__mining": 3.302585092994046,
    "bigram:my__recent": 3.302585092994046,
    "bigram:not__provider": 3.302585092994046,
    "bigram:not__tell": 2.8971199848858813,
    "bigram:not__the": 3.302585092994046,
    "bigram:online__now": 3.302585092994046,
    "bigram:online__or": 3.302585092994046,
    "bigram:online__right": 3.302585092994046,
    "bigram:online__yet": 3.302585092994046,
    "bigram:or__check": 3.302585092994046,
    "bigram:poem__about": 2.8971199848858813,
    "bigram:provider__for": 3.302585092994046,
    "bigram:provider__readiness": 2.8971199848858813,
    "bigram:provider__ready": 2.8971199848858813,
    "bigram:provider__situation": 3.302585092994046,
    "bigram:readiness__compare": 3.302585092994046,
    "bigram:readiness__tell": 3.302585092994046,
    "bigram:ready__for": 3.302585092994046,
    "bigram:recent__earnings": 2.8971199848858813,
    "bigram:reminder__for": 3.302585092994046,
    "bigram:restart__my": 3.302585092994046,
    "bigram:right__now": 3.302585092994046,
    "bigram:sats__are": 2.8971199848858813,
    "bigram:sats__did": 3.302585092994046,
    "bigram:should__i": 3.302585092994046,
    "bigram:t__i": 3.302585092994046,
    "bigram:tell__me": 2.386294361119891,
    "bigram:the__best": 3.302585092994046,
    "bigram:the__provider": 2.8971199848858813,
    "bigram:the__recent": 3.302585092994046,
    "bigram:the__wallet": 1.6931471805599454,
    "bigram:to__go": 3.302585092994046,
    "bigram:wallet__address": 3.302585092994046,
    "bigram:wallet__and": 2.8971199848858813,
    "bigram:wallet__balance": 2.203972804325936,
    "bigram:what__are": 2.8971199848858813,
    "bigram:what__is": 3.302585092994046,
    "bigram:who__is": 3.302585092994046,
    "bigram:why__can": 3.302585092994046,
    "bigram:write__a": 2.8971199848858813,
    "token:a": 2.6094379124341005,
    "token:about": 2.8971199848858813,
    "token:address": 3.302585092994046,
    "token:and": 2.8971199848858813,
    "token:are": 2.6094379124341005,
    "token:balance": 2.203972804325936,
    "token:best": 3.302585092994046,
    "token:calendar": 3.302585092994046,
    "token:can": 2.6094379124341005,
    "token:check": 3.302585092994046,
    "token:compare": 3.302585092994046,
    "token:create": 3.302585092994046,
    "token:did": 3.302585092994046,
    "token:do": 2.8971199848858813,
    "token:earnings": 2.8971199848858813,
    "token:first": 3.302585092994046,
    "token:for": 2.6094379124341005,
    "token:go": 2.203972804325936,
    "token:gpus": 2.8971199848858813,
    "token:guess": 3.302585092994046,
    "token:how": 2.6094379124341005,
    "token:i": 2.203972804325936,
    "token:in": 2.6094379124341005,
    "token:is": 2.386294361119891,
    "token:lately": 3.302585092994046,
    "token:make": 3.302585092994046,
    "token:many": 2.6094379124341005,
    "token:me": 2.049822124498678,
    "token:mining": 3.302585092994046,
    "token:my": 2.8971199848858813,
    "token:not": 2.386294361119891,
    "token:now": 2.8971199848858813,
    "token:online": 2.203972804325936,
    "token:or": 3.302585092994046,
    "token:poem": 2.8971199848858813,
    "token:provider": 2.203972804325936,
    "token:readiness": 2.8971199848858813,
    "token:ready": 2.8971199848858813,
    "token:recent": 2.8971199848858813,
    "token:reminder": 3.302585092994046,
    "token:restart": 3.302585092994046,
    "token:rig": 3.302585092994046,
    "token:right": 3.302585092994046,
    "token:sats": 2.386294361119891,
    "token:should": 3.302585092994046,
    "token:situation": 3.302585092994046,
    "token:t": 3.302585092994046,
    "token:tell": 2.386294361119891,
    "token:the": 1.5108256237659907,
    "token:to": 3.302585092994046,
    "token:tomorrow": 3.302585092994046,
    "token:wallet": 1.6931471805599454,
    "token:what": 2.6094379124341005,
    "token:who": 3.302585092994046,
    "token:why": 3.302585092994046,
    "token:write": 2.8971199848858813,
    "token:yet": 3.302585092994046
  },
  "class_centroid_weights": {
    "provider_status": {
      "bigram:balance__is": 0.1158472250124498,
      "bigram:can__go": 0.10462633984664069,
      "bigram:can__i": 0.1214605105018727,
      "bigram:can__t": 0.10710722426731582,
      "bigram:for__me": 0.08922373482893255,
      "bigram:go__online": 0.2902329340024526,
      "bigram:guess__i": 0.10462633984664069,
      "bigram:i__can": 0.10462633984664069,
      "bigram:i__go": 0.180595895600434,
      "bigram:i__guess": 0.10462633984664069,
      "bigram:is__the": 0.15719745463784335,
      "bigram:me__to": 0.10171100200356162,
      "bigram:not__the": 0.1158472250124498,
      "bigram:online__now": 0.10462633984664069,
      "bigram:online__right": 0.1214605105018727,
      "bigram:online__yet": 0.10710722426731582,
      "bigram:provider__ready": 0.19084815973447575,
      "bigram:ready__for": 0.10171100200356162,
      "bigram:right__now": 0.1214605105018727,
      "bigram:t__i": 0.10710722426731582,
      "bigram:the__provider": 0.19084815973447575,
      "bigram:the__wallet": 0.05939177852574307,
      "bigram:to__go": 0.10171100200356162,
      "bigram:wallet__balance": 0.07731038752815171,
      "bigram:why__can": 0.10710722426731582,
      "token:balance": 0.07731038752815171,
      "token:can": 0.2632632395590204,
      "token:for": 0.08036387777041086,
      "token:go": 0.2902329340024526,
      "token:guess": 0.10462633984664069,
      "token:i": 0.2921784782172554,
      "token:is": 0.15719745463784335,